Model,Accuracy,Precision,Recall,F1_Score,AUC,TrainingTime,ClassWeight,y_test,y_pred,y_prob,PR_AUC,Epochs,Batch_Size,LR,Optimizer
2h|win=36-ClassWeight,0.7503448275862069,0.8079625292740047,0.777027027027027,0.7921928817451206,0.8108108108108107,222.8452160358429,0.6343552750225429,"[1 1 0 1 0 0 1 1 1 0 0 1 0 1 1 1 1 0 0 1 1 1 0 1 1 0 1 1 1 1 1 0 1 0 0 1 1
 0 1 0 0 1 1 1 1 1 1 1 0 0 0 1 1 1 0 0 0 0 0 1 1 0 1 1 0 0 1 1 0 0 1 0 0 0
 1 0 1 1 1 1 1 1 1 1 1 0 0 0 1 1 0 1 1 1 0 1 1 1 1 1 1 1 1 0 1 0 1 1 1 1 0
 0 1 0 0 1 1 1 1 1 1 1 0 1 0 0 1 1 0 1 1 0 1 1 0 1 1 0 1 1 1 0 0 1 1 1 1 1
 0 1 1 1 1 1 1 0 1 0 1 1 0 0 1 1 1 0 0 1 1 0 0 0 1 1 1 1 1 1 0 0 1 0 0 1 1
 1 0 0 1 1 1 0 1 0 0 0 0 1 0 1 0 1 1 1 1 0 1 0 0 1 0 1 0 1 0 1 1 0 1 0 0 1
 1 0 1 1 0 1 0 1 0 1 1 0 1 1 0 1 1 0 1 1 1 0 0 0 1 0 0 1 1 1 0 1 0 0 1 1 0
 0 0 0 1 1 1 1 1 1 0 1 0 0 0 0 0 1 1 1 1 1 1 1 1 1 1 0 0 1 1 0 0 0 0 1 1 1
 1 1 1 1 1 1 0 1 1 1 1 1 1 1 0 0 1 1 1 0 0 1 1 1 1 1 1 1 0 1 0 0 0 0 1 1 1
 1 1 1 1 1 1 1 1 1 0 1 1 1 0 0 1 0 1 0 0 0 1 1 1 0 1 1 1 1 1 1 1 0 0 0 1 0
 1 1 1 0 0 1 0 1 0 0 1 1 1 0 0 1 0 1 1 1 0 1 1 0 0 0 1 0 1 0 0 0 1 0 0 1 1
 0 1 0 1 1 1 0 1 0 1 1 0 0 1 1 1 0 0 1 1 1 0 1 1 1 1 0 0 0 1 1 1 0 1 0 0 1
 0 0 0 1 1 0 0 1 1 1 1 1 1 0 0 1 1 0 1 1 0 0 0 1 1 1 1 1 1 0 0 1 0 1 0 1 1
 1 1 0 1 1 0 0 1 1 1 1 0 1 1 1 1 0 0 0 1 1 1 0 1 1 0 0 1 1 1 0 0 1 1 0 1 1
 1 0 1 1 0 0 1 0 0 0 1 1 1 0 0 1 0 0 1 0 1 1 0 0 1 0 0 1 1 1 1 1 1 1 0 0 1
 1 1 1 0 0 0 1 0 0 1 1 1 1 1 0 0 0 0 1 1 1 1 1 0 1 1 1 1 1 1 0 0 0 1 0 1 0
 0 1 1 0 1 0 0 1 0 0 1 1 0 1 1 1 0 1 1 1 1 0 1 0 1 1 1 1 0 0 0 1 1 1 1 1 0
 0 1 1 1 1 0 0 0 0 1 0 1 1 0 1 0 1 0 0 1 0 0 1 1 0 1 0 1 0 0 1 1 1 1 0 1 1
 1 1 0 0 1 1 0 0 1 1 0 1 1 1 0 1 0 0 1 1 1 0 0 1 0 0 1 1 1 1 1 1 0 0 1 1 1
 1 1 1 0 1 1 1 1 0 1 0 1 1 0 0 1 1 1 1 1 1 1]","[0 1 0 0 1 0 1 1 1 0 0 1 0 1 1 1 0 0 1 1 0 1 0 1 1 0 1 0 1 0 1 0 1 0 0 1 1
 1 1 0 0 1 1 1 1 0 1 1 1 0 0 1 1 1 0 0 0 1 1 1 1 0 1 0 0 0 1 1 0 1 1 0 0 1
 1 0 1 1 1 1 1 1 1 1 0 0 1 0 1 1 0 1 1 1 1 1 0 1 1 1 1 1 1 1 1 0 1 0 0 1 0
 0 1 0 1 1 1 1 1 1 0 1 0 1 1 0 0 0 1 1 0 0 1 0 1 1 1 0 1 1 1 0 1 1 1 1 0 1
 0 1 1 1 0 1 0 0 1 0 1 1 0 0 1 1 1 1 0 1 1 0 0 0 0 1 0 1 1 1 1 1 1 1 0 1 0
 1 1 0 0 1 0 0 1 0 0 0 0 1 0 1 0 1 1 1 1 1 1 0 0 1 1 1 1 1 0 0 0 1 1 0 1 0
 1 1 0 1 0 1 0 1 0 1 0 0 1 1 0 1 1 0 1 0 0 1 0 1 1 1 0 1 0 1 0 0 1 1 1 0 0
 0 0 0 1 1 1 1 1 1 0 1 0 1 0 0 0 1 1 1 1 0 1 0 1 1 1 0 0 1 0 0 0 0 0 0 1 0
 0 0 1 1 1 1 1 1 1 1 1 0 1 1 0 0 0 1 1 0 0 1 0 1 1 1 1 0 1 1 1 0 1 0 1 0 0
 1 0 0 1 1 1 0 1 1 0 1 1 1 1 0 1 1 1 1 0 0 1 0 1 0 1 0 1 1 0 1 1 1 0 0 1 0
 1 1 1 1 0 1 0 1 0 1 1 1 1 1 0 1 0 1 1 1 0 0 1 0 0 1 1 0 1 0 0 1 1 1 0 1 1
 1 0 0 1 0 1 0 1 0 1 1 1 0 1 1 1 0 0 0 1 1 0 1 1 1 1 0 0 1 1 0 1 0 0 1 1 0
 0 1 0 0 1 0 0 1 1 1 1 0 1 0 1 1 0 0 1 1 0 1 0 1 1 1 1 1 1 0 1 0 0 0 1 1 1
 1 0 0 1 1 1 0 1 1 1 1 0 1 1 1 1 0 1 0 0 1 1 0 1 1 0 0 1 1 1 1 0 1 1 0 0 1
 1 0 1 1 0 1 1 0 0 0 0 1 1 0 1 1 1 0 0 0 1 1 1 1 1 0 0 1 0 0 1 0 1 1 0 0 0
 1 1 1 0 1 0 1 1 0 1 1 1 1 1 0 0 0 1 0 0 1 1 1 1 0 1 1 1 1 0 0 0 0 1 1 1 1
 0 1 1 1 0 1 0 1 0 0 1 1 0 1 1 1 0 1 1 0 1 1 1 0 0 1 0 0 1 0 1 1 1 1 1 1 0
 0 0 1 1 1 0 0 0 1 0 0 1 0 0 1 0 1 0 0 0 0 1 1 1 0 1 1 0 0 0 1 1 1 0 0 1 1
 0 1 0 0 0 1 0 0 1 0 0 1 1 1 0 1 0 0 1 0 1 0 0 1 0 1 1 0 1 1 1 1 0 1 1 1 1
 0 1 1 1 1 1 0 1 0 1 0 0 1 0 0 1 1 0 1 1 1 1]","[0.14741196 0.93002689 0.47024983 0.35083511 0.88358718 0.17870352
 0.79539341 0.51044577 0.90127963 0.09836568 0.38918713 0.95423412
 0.18283293 0.74742234 0.88462663 0.53239161 0.24373633 0.09381329
 0.81618601 0.67054963 0.30300179 0.89831239 0.24975938 0.81115383
 0.74420905 0.15872075 0.93326277 0.49961472 0.77953243 0.31953359
 0.91284704 0.12919854 0.93915272 0.3006607  0.15010628 0.82536721
 0.87100297 0.85188156 0.86291021 0.10041173 0.26191995 0.9150936
 0.87024361 0.88869643 0.88337922 0.45721781 0.82266849 0.95557576
 0.63184613 0.12145557 0.15771784 0.95394135 0.9213748  0.87838018
 0.32549778 0.16039366 0.16577362 0.76992792 0.66507971 0.61739075
 0.82625723 0.26877499 0.53379476 0.33779487 0.07773095 0.33725646
 0.56064022 0.53809458 0.17354205 0.57693952 0.67131644 0.25461414
 0.43617103 0.79624075 0.60576618 0.19190568 0.8996433  0.9329102
 0.88539821 0.82163376 0.85183293 0.9555527  0.83203501 0.73559093
 0.42573357 0.2055826  0.5038749  0.43336749 0.87817252 0.82138991
 0.3971189  0.63457549 0.52329212 0.71732426 0.51696831 0.91330034
 0.2346983  0.9382242  0.90880024 0.6668514  0.87356454 0.8594771
 0.81641078 0.74185377 0.94074529 0.22976565 0.95248079 0.44108939
 0.33754268 0.63325965 0.20560947 0.11991968 0.93368447 0.27566123
 0.84144908 0.62266815 0.54629159 0.70782179 0.7985177  0.90486276
 0.25314203 0.92229217 0.26965591 0.79435337 0.84448421 0.23044859
 0.37771773 0.25155669 0.78059971 0.91022539 0.11067052 0.22883193
 0.94272029 0.20911747 0.55580944 0.93526483 0.93107015 0.16319795
 0.5056116  0.81882375 0.89881665 0.31745622 0.600667   0.58797908
 0.91740829 0.85659891 0.16292743 0.6538282  0.17912444 0.89930332
 0.88658553 0.94853121 0.34976619 0.79037881 0.22037651 0.08989446
 0.75803864 0.10029553 0.78273714 0.84079486 0.10662512 0.27066696
 0.83353114 0.81657958 0.90300107 0.5350641  0.3840698  0.64792806
 0.68457943 0.24880403 0.43213767 0.16939427 0.47667193 0.577685
 0.30880371 0.90925646 0.90332097 0.86372149 0.60579509 0.60361511
 0.90911818 0.90864217 0.45306846 0.88745141 0.22434813 0.87032253
 0.61632204 0.39611891 0.33149275 0.55705589 0.18197575 0.13492575
 0.95187533 0.34649917 0.45706335 0.35917979 0.17767458 0.89306998
 0.14324586 0.91276133 0.33065036 0.79201573 0.9100908  0.83205616
 0.80117095 0.92029411 0.81378055 0.29662281 0.12776679 0.92923898
 0.87828094 0.91175485 0.75871801 0.9472245  0.4124037  0.42250293
 0.44004381 0.73577464 0.90086818 0.21774653 0.58238751 0.44967389
 0.94148183 0.67757446 0.38413513 0.96001905 0.09847803 0.89962101
 0.27245864 0.85623151 0.10466045 0.9035219  0.09926568 0.44236615
 0.50536418 0.88514394 0.2025117  0.95073128 0.87212342 0.34439325
 0.82819235 0.35931623 0.16903266 0.89222568 0.10272471 0.90662718
 0.94457883 0.77690035 0.47522706 0.85375392 0.49509811 0.80938965
 0.28367466 0.48915929 0.92114353 0.6000638  0.94598144 0.47416991
 0.33090314 0.21905516 0.48548365 0.47565976 0.90960515 0.79609466
 0.86927849 0.51839489 0.91429687 0.93315417 0.49595761 0.58181745
 0.34618291 0.85524142 0.18270883 0.32298467 0.23933935 0.94678253
 0.89557958 0.95319861 0.61057663 0.16560052 0.95735329 0.39000347
 0.90210515 0.90400106 0.90846205 0.43196961 0.42941692 0.87322509
 0.34916621 0.19826938 0.29183853 0.09476568 0.20477058 0.37632969
 0.91064823 0.27092773 0.14705698 0.1954868  0.83742446 0.83004302
 0.58865964 0.61534959 0.58387154 0.73412269 0.80855036 0.87614816
 0.95659441 0.3500075  0.83711892 0.65455729 0.39846629 0.46869299
 0.30745417 0.84958333 0.66358501 0.41916013 0.34260434 0.92641407
 0.42952624 0.70233411 0.77660114 0.9231739  0.91222888 0.21471184
 0.92403829 0.94894058 0.71810871 0.148193   0.56457752 0.14706394
 0.94499916 0.39082563 0.24141593 0.55638331 0.33722526 0.31113833
 0.64575636 0.85975528 0.84110641 0.47018626 0.9309842  0.95019656
 0.24440229 0.96172136 0.63365328 0.84024382 0.77168012 0.39769343
 0.92810786 0.78809708 0.74864519 0.70122814 0.21635027 0.46307269
 0.84126806 0.43198895 0.575468   0.11202314 0.87162679 0.24546967
 0.88797969 0.50392145 0.20236498 0.6699928  0.71051002 0.52889287
 0.12878995 0.49955705 0.95095897 0.34638467 0.91467887 0.61132467
 0.92932272 0.88389462 0.12272306 0.59128422 0.36365968 0.94232869
 0.42897379 0.73816091 0.96007752 0.88007432 0.85219473 0.58356369
 0.32126224 0.93383759 0.10939999 0.77233726 0.61472827 0.92293829
 0.18464069 0.45831367 0.80655378 0.10705872 0.44844592 0.83008581
 0.94839901 0.26216757 0.64594632 0.16233408 0.18911976 0.91468668
 0.72809488 0.72168291 0.21808994 0.86246812 0.85156506 0.89542103
 0.35970047 0.16307995 0.55194908 0.20480134 0.95339954 0.3234455
 0.5223574  0.16813351 0.51068741 0.58616495 0.55834419 0.21347591
 0.88587892 0.601475   0.90409768 0.20479976 0.15041126 0.25030962
 0.69007552 0.81515855 0.14859773 0.50075811 0.85246223 0.59436715
 0.87449199 0.21973507 0.29920667 0.81732541 0.94103479 0.23636609
 0.93888205 0.27506033 0.34579393 0.52440906 0.53946346 0.15817225
 0.13120006 0.87297207 0.10602894 0.47848687 0.62853462 0.15694606
 0.09370551 0.59291047 0.95721889 0.90935808 0.91415298 0.22808702
 0.9370243  0.38965988 0.56862515 0.64041078 0.15320168 0.3556934
 0.91901642 0.94275832 0.16469412 0.91392481 0.43574029 0.76554948
 0.89315629 0.66586119 0.88495433 0.89899802 0.64543575 0.21752408
 0.8115176  0.23552793 0.43358615 0.29786599 0.8675428  0.52753842
 0.89198452 0.84360039 0.32006025 0.24998668 0.8988772  0.56461149
 0.50057799 0.43088493 0.95420521 0.67545497 0.59627926 0.88786
 0.10975464 0.86863977 0.94090325 0.72315425 0.87652785 0.18400936
 0.57872295 0.13677095 0.44894946 0.93229192 0.93646657 0.16925828
 0.6995517  0.92625612 0.26465225 0.47484136 0.66821307 0.9407627
 0.92774373 0.56276757 0.34721586 0.93670213 0.95067877 0.10730948
 0.44228768 0.92647302 0.89553022 0.1960454  0.85106939 0.56620085
 0.40022981 0.67334092 0.8561942  0.09047356 0.41111135 0.16127832
 0.25368571 0.82480854 0.53291464 0.37234506 0.59164941 0.95344216
 0.92810845 0.35826483 0.49110156 0.31289738 0.55540895 0.94630045
 0.9228403  0.588866   0.82572925 0.13583492 0.17781323 0.94070226
 0.37081763 0.31236914 0.96215278 0.17307743 0.57378376 0.92287123
 0.14375031 0.38510743 0.17629854 0.92309254 0.92574996 0.83904445
 0.16332969 0.56275058 0.39097354 0.91598982 0.86152864 0.37129474
 0.83643633 0.74812871 0.63006783 0.83713979 0.82957429 0.10788484
 0.15403895 0.41137123 0.86524022 0.15847428 0.42036709 0.65315121
 0.5537886  0.74726224 0.69279003 0.45049834 0.56317896 0.89329231
 0.81965756 0.89412773 0.30097079 0.13252205 0.15298449 0.23066022
 0.64656669 0.55990565 0.81275409 0.71798635 0.31269732 0.80046725
 0.64902341 0.54235893 0.24114132 0.94042593 0.10486605 0.6456098
 0.41579008 0.29423067 0.93335342 0.92883706 0.18354738 0.89263529
 0.93992174 0.59720546 0.17298429 0.66310871 0.93561041 0.40974349
 0.87519425 0.58041644 0.56246966 0.20037478 0.35509133 0.59661371
 0.35217389 0.35845608 0.5478698  0.17164263 0.54346049 0.95933777
 0.91024566 0.91468406 0.9539054  0.56591088 0.33172229 0.34624851
 0.21141434 0.50148958 0.93174094 0.94870341 0.45993605 0.17864913
 0.43478167 0.89894849 0.15676092 0.35972345 0.56301105 0.40760094
 0.08336767 0.90245789 0.1249045  0.85381579 0.40393654 0.19796596
 0.29812557 0.0950653  0.85755306 0.68001366 0.93642026 0.17026107
 0.76409549 0.57701516 0.46290517 0.15169132 0.14003652 0.88559097
 0.92957991 0.9246878  0.23617274 0.10711585 0.93652081 0.82569623
 0.34004676 0.93613696 0.15269685 0.42383417 0.10889055 0.92598927
 0.25530547 0.25732383 0.59053129 0.44304889 0.18070039 0.88211679
 0.90618747 0.67896163 0.13927504 0.9122951  0.28894019 0.16797963
 0.91214371 0.17327078 0.88449758 0.15604572 0.38835803 0.94223458
 0.21335502 0.77847809 0.92433029 0.20847996 0.56618685 0.93954521
 0.77409846 0.52270585 0.29499307 0.56028116 0.76033038 0.93600273
 0.64301759 0.30928469 0.59541577 0.73678488 0.52644092 0.95837212
 0.8167733  0.18991305 0.88859707 0.23959656 0.52081025 0.31057805
 0.37146002 0.73337287 0.1119039  0.48252064 0.85305792 0.86710644
 0.44032773 0.81979489 0.90020066 0.74931335 0.80895317]",0.868637041239202,100,128,0.001,SGD
